dataset,iteration,type,gpt_model,drugs_context,symptom_context,eval_loss,eval_precision,eval_recall,eval_f1,eval_accuracy,eval_runtime,eval_samples_per_second,eval_steps_per_second,epoch
2024_tweet_only,0,None,No,False,False,0.052467022091150284,0.49166666666666664,0.5412844036697247,0.5152838427947598,0.993236192169443,3.1185,309.444,5.131,50.0
2024_tweet_only,1,None,No,False,False,0.03873163461685181,0.5079365079365079,0.5871559633027523,0.5446808510638298,0.9935067444826653,3.0806,313.251,5.194,50.0
2024_tweet_only,2,None,No,False,False,0.04641043767333031,0.5,0.5596330275229358,0.5281385281385281,0.993468094152205,3.1358,307.74,5.102,50.0
2024_tweet_only,3,None,No,False,False,0.04832826927304268,0.5473684210526316,0.47706422018348627,0.5098039215686274,0.9938932477872686,2.3085,418.012,6.931,50.0
2024_tweet_only,4,None,No,False,False,0.03993738815188408,0.4782608695652174,0.5045871559633027,0.4910714285714286,0.9938159471263479,3.1202,309.274,5.128,50.0
2024_tweet_only,5,None,No,False,False,0.046955373138189316,0.5882352941176471,0.5504587155963303,0.5687203791469195,0.9942024504309512,3.1102,310.272,5.144,50.0
2024_tweet_only,6,None,No,False,False,0.05025401711463928,0.4793388429752066,0.5321100917431193,0.5043478260869565,0.9933134928303637,1.7308,557.559,9.245,50.0
