dataset,iteration,type,gpt_model,drugs_context,symptom_context,eval_loss,eval_precision,eval_recall,eval_f1,eval_accuracy,eval_runtime,eval_samples_per_second,eval_steps_per_second,epoch
2024_gpt4o_context_with_drug_dataset,0,context,4o,True,False,0.045522116124629974,0.5299145299145299,0.5688073394495413,0.5486725663716815,0.9939318981177289,3.1247,308.829,5.12,50.0
2024_gpt4o_context_with_drug_dataset,1,context,4o,True,False,0.04442157596349716,0.6105263157894737,0.5321100917431193,0.5686274509803921,0.9942024504309512,3.1237,308.933,5.122,50.0
2024_gpt4o_context_with_drug_dataset,2,context,4o,True,False,0.042876966297626495,0.5636363636363636,0.5688073394495413,0.5662100456621004,0.9943184014223322,3.1358,307.732,5.102,50.0
2024_gpt4o_context_with_drug_dataset,3,context,4o,True,False,0.03980995714664459,0.5922330097087378,0.5596330275229358,0.5754716981132075,0.9946276040660148,3.1627,305.117,5.059,50.0
2024_gpt4o_context_with_drug_dataset,4,context,4o,True,False,0.04308287054300308,0.5656565656565656,0.5137614678899083,0.5384615384615384,0.9944730027441735,3.1251,308.787,5.12,50.0
2024_gpt4o_context_with_drug_dataset,5,context,4o,True,False,0.04733535647392273,0.6483516483516484,0.5412844036697247,0.59,0.9946276040660148,3.1212,309.176,5.126,50.0
2024_gpt4o_context_with_drug_dataset,7,context,4o,True,False,0.044526033103466034,0.5454545454545454,0.5504587155963303,0.547945205479452,0.9942411007614115,1.7741,543.946,9.019,50.0
