dataset,iteration,type,gpt_model,drugs_context,symptom_context,eval_loss,eval_precision,eval_recall,eval_f1,eval_accuracy,eval_runtime,eval_samples_per_second,eval_steps_per_second,epoch
2024_gpt4o_span_tweet_only_with_symptom_dataset,0,span,No,False,True,0.04897129535675049,0.5225225225225225,0.5321100917431193,0.5272727272727273,0.9937746500657335,3.1492,306.43,5.081,50.0
2024_gpt4o_span_tweet_only_with_symptom_dataset,1,span,No,False,True,0.04335486888885498,0.5267857142857143,0.5412844036697247,0.5339366515837104,0.9939679839146238,3.126,308.705,5.118,50.0
2024_gpt4o_span_tweet_only_with_symptom_dataset,2,span,No,False,True,0.03979424759745598,0.5096153846153846,0.48623853211009177,0.49765258215962443,0.993426649137731,3.1182,309.475,5.131,50.0
2024_gpt4o_span_tweet_only_with_symptom_dataset,3,span,No,False,True,0.04862343519926071,0.5656565656565656,0.5137614678899083,0.5384615384615384,0.9940839842239579,3.1044,310.851,5.154,50.0
2024_gpt4o_span_tweet_only_with_symptom_dataset,4,span,No,False,True,0.046883903443813324,0.5555555555555556,0.5504587155963303,0.5529953917050692,0.9942773180728482,3.1136,309.933,5.139,50.0
2024_gpt4o_span_tweet_only_with_symptom_dataset,5,span,No,False,True,0.04574798792600632,0.54,0.4954128440366973,0.5167464114832536,0.9937359832959555,3.1313,308.182,5.11,50.0
2024_gpt4o_span_tweet_only_with_symptom_dataset,6,span,No,False,True,0.046260569244623184,0.5607476635514018,0.5504587155963303,0.5555555555555556,0.9939293171448457,1.7557,549.631,9.113,50.0
2024_gpt4o_span_tweet_only_with_symptom_dataset,7,span,No,False,True,0.05158885195851326,0.4807692307692308,0.45871559633027525,0.46948356807511743,0.9935813162168432,1.7472,552.312,9.157,50.0
2024_gpt4o_span_tweet_only_with_symptom_dataset,8,span,No,False,True,0.04731425642967224,0.5514018691588785,0.5412844036697247,0.5462962962962962,0.9938519836052896,1.7305,557.64,9.246,50.0
