dataset,iteration,type,gpt_model,drugs_context,symptom_context,eval_loss,eval_precision,eval_recall,eval_f1,eval_accuracy,eval_runtime,eval_samples_per_second,eval_steps_per_second,epoch
2024_gpt35_span_with_context,0,span/context,3.5,False,False,0.04881811514496803,0.5,0.5688073394495413,0.5321888412017167,0.9933343667648427,3.0945,311.847,5.171,50.0
2024_gpt35_span_with_context,1,span/context,3.5,False,False,0.05224334076046944,0.5445544554455446,0.5045871559633027,0.5238095238095238,0.9931793520384437,3.1141,309.886,5.138,50.0
2024_gpt35_span_with_context,2,span/context,3.5,False,False,0.04940181225538254,0.5660377358490566,0.5504587155963303,0.5581395348837208,0.9934118741280422,3.1509,306.259,5.078,50.0
2024_gpt35_span_with_context,3,span/context,3.5,False,False,0.046633198857307434,0.5423728813559322,0.5871559633027523,0.5638766519823789,0.9936056425360409,3.1265,308.651,5.118,50.0
2024_gpt35_span_with_context,4,span/context,3.5,False,False,0.03082384169101715,0.5686274509803921,0.5321100917431193,0.5497630331753555,0.9941869477600372,3.1043,310.859,5.154,50.0
2024_gpt35_span_with_context,5,span/context,3.5,False,False,0.04941152408719063,0.5304347826086957,0.5596330275229358,0.5446428571428571,0.9934506278096419,3.1044,310.845,5.154,50.0
2024_gpt35_span_with_context,6,span/context,3.5,False,False,0.04470501095056534,0.5607476635514018,0.5504587155963303,0.5555555555555556,0.9936831498992404,1.7453,552.898,9.167,50.0
2024_gpt35_span_with_context,7,span/context,3.5,False,False,0.04032112658023834,0.5158730158730159,0.5963302752293578,0.5531914893617021,0.9941094403968377,1.7854,540.481,8.961,50.0
2024_gpt35_span_with_context,1,span/context,3.5,False,False,0.05295272544026375,0.5206611570247934,0.5779816513761468,0.5478260869565217,0.9933731204464424,1.7269,558.815,9.265,50.0
