dataset,iteration,type,gpt_model,drugs_context,symptom_context,eval_loss,eval_precision,eval_recall,eval_f1,eval_accuracy,eval_runtime,eval_samples_per_second,eval_steps_per_second,epoch
2024_gpt4o_context_tweet_only_with_drug_with_symptom_dataset,0,context,No,True,True,0.04994752258062363,0.5,0.5779816513761468,0.5361702127659574,0.9929269895257604,3.0889,312.405,5.18,50.0
2024_gpt4o_context_tweet_only_with_drug_with_symptom_dataset,1,context,No,True,True,0.047937486320734024,0.5533980582524272,0.5229357798165137,0.5377358490566038,0.993699996134967,2.2954,420.399,6.97,50.0
2024_gpt4o_context_tweet_only_with_drug_with_symptom_dataset,2,context,No,True,True,0.04871128499507904,0.5535714285714286,0.5688073394495413,0.5610859728506787,0.9942024504309512,3.1104,310.254,5.144,50.0
2024_gpt4o_context_tweet_only_with_drug_with_symptom_dataset,3,context,No,True,True,0.0457565002143383,0.5377358490566038,0.5229357798165137,0.5302325581395348,0.9937772967958876,3.0876,312.544,5.182,50.0
2024_gpt4o_context_tweet_only_with_drug_with_symptom_dataset,4,context,No,True,True,0.040056828409433365,0.5267857142857143,0.5412844036697247,0.5339366515837104,0.9938159471263479,3.0835,312.954,5.189,50.0
2024_gpt4o_context_tweet_only_with_drug_with_symptom_dataset,5,context,No,True,True,0.05489587411284447,0.5504587155963303,0.5504587155963303,0.5504587155963303,0.9936613458045066,3.1013,311.158,5.159,50.0
2024_gpt4o_context_tweet_only_with_drug_with_symptom_dataset,6,context,No,True,True,0.03807190805673599,0.49586776859504134,0.5504587155963303,0.5217391304347827,0.9931202411780621,1.7681,545.789,9.049,50.0
2024_gpt4o_context_tweet_only_with_drug_with_symptom_dataset,7,context,No,True,True,0.04865863546729088,0.4838709677419355,0.5504587155963303,0.5150214592274678,0.9930815908476017,1.7281,558.403,9.259,50.0
2024_gpt4o_context_tweet_only_with_drug_with_symptom_dataset,8,context,No,True,True,0.0442691370844841,0.5181818181818182,0.5229357798165137,0.5205479452054793,0.9938932477872686,1.7413,554.182,9.189,50.0
