dataset,iteration,type,gpt_model,drugs_context,symptom_context,eval_loss,eval_precision,eval_recall,eval_f1,eval_accuracy,eval_runtime,eval_samples_per_second,eval_steps_per_second,epoch
2024_gpt4o_context_tweet_only_with_symptom_dataset,0,context,No,False,True,0.048091739416122437,0.5803571428571429,0.5963302752293578,0.588235294117647,0.9942024504309512,3.087,312.606,5.183,50.0
2024_gpt4o_context_tweet_only_with_symptom_dataset,1,context,No,False,True,0.04559861123561859,0.5,0.5596330275229358,0.5281385281385281,0.9937772967958876,3.1232,308.979,5.123,50.0
2024_gpt4o_context_tweet_only_with_symptom_dataset,2,context,No,False,True,0.04906559735536575,0.5271317829457365,0.6238532110091743,0.5714285714285714,0.9935453948131256,3.0702,314.31,5.211,50.0
2024_gpt4o_context_tweet_only_with_symptom_dataset,3,context,No,False,True,0.04444285109639168,0.5511811023622047,0.6422018348623854,0.5932203389830509,0.9940864994395702,3.0454,316.872,5.254,50.0
2024_gpt4o_context_tweet_only_with_symptom_dataset,4,context,No,False,True,0.043734945356845856,0.5416666666666666,0.47706422018348627,0.5073170731707317,0.9937386464654273,3.1185,309.441,5.131,50.0
2024_gpt4o_context_tweet_only_with_symptom_dataset,5,context,No,False,True,0.04931911081075668,0.5130434782608696,0.5412844036697247,0.5267857142857143,0.9933907934912843,3.0875,312.549,5.182,50.0
2024_gpt4o_context_tweet_only_with_symptom_dataset,6,context,No,False,True,0.047123901546001434,0.5196078431372549,0.48623853211009177,0.5023696682464455,0.9940091987786496,1.7281,558.426,9.259,50.0
2024_gpt4o_context_tweet_only_with_symptom_dataset,7,context,No,False,True,0.04814014956355095,0.49612403100775193,0.5871559633027523,0.5378151260504201,0.993236192169443,1.7511,551.076,9.137,50.0
2024_gpt4o_context_tweet_only_with_symptom_dataset,8,context,No,False,True,0.049100134521722794,0.58,0.5321100917431193,0.5550239234449761,0.9942797510918718,1.7286,558.243,9.256,50.0
