dataset,iteration,type,gpt_model,drugs_context,symptom_context,eval_loss,eval_precision,eval_recall,eval_f1,eval_accuracy,eval_runtime,eval_samples_per_second,eval_steps_per_second,epoch
2024_gpt4o_span,0,span,4o,False,False,0.0303448885679245,0.5377358490566038,0.5229357798165137,0.5302325581395348,0.9944289693593314,3.2586,296.138,4.91,50.0
2024_gpt4o_span,1,span,4o,False,False,0.047172363847494125,0.6020408163265306,0.5412844036697247,0.5700483091787439,0.994661095636026,3.2887,293.427,4.865,50.0
2024_gpt4o_span,2,span,4o,False,False,0.04202078655362129,0.5263157894736842,0.5504587155963303,0.538116591928251,0.9942742185082017,3.2898,293.327,4.863,50.0
2024_gpt4o_span,3,span,4o,False,False,0.046454742550849915,0.5277777777777778,0.5229357798165137,0.5253456221198156,0.9940807799442897,3.2579,296.202,4.911,50.0
2024_gpt4o_span,4,span,4o,False,False,0.04375854879617691,0.5454545454545454,0.5504587155963303,0.547945205479452,0.9942742185082017,3.2464,297.252,4.929,50.0
2024_gpt4o_span,5,span,4o,False,False,0.04622068256139755,0.6363636363636364,0.5137614678899083,0.5685279187817259,0.9945450324976788,3.2904,293.281,4.863,50.0
2024_gpt4o_span,7,span,4o,False,False,0.04137064144015312,0.5673076923076923,0.5412844036697247,0.5539906103286385,0.9947384710615909,1.7781,542.713,8.998,50.0
2024_gpt4o_span,8,span,4o,False,False,0.048745047301054,0.5392156862745098,0.5045871559633027,0.5213270142180094,0.9944289693593314,1.7612,547.931,9.085,50.0
2024_gpt4o_span,9,span,4o,False,False,0.04541098698973656,0.6263736263736264,0.5229357798165137,0.57,0.9946997833488084,1.7865,540.159,8.956,50.0
