dataset,iteration,type,gpt_model,drugs_context,symptom_context,eval_loss,eval_precision,eval_recall,eval_f1,eval_accuracy,eval_runtime,eval_samples_per_second,eval_steps_per_second,epoch
2024_gpt4o_context_with_symptom_dataset,0,context,4o,False,True,0.047899030148983,0.5904761904761905,0.5688073394495413,0.5794392523364487,0.9943184014223322,3.1504,306.308,5.079,50.0
2024_gpt4o_context_with_symptom_dataset,1,context,4o,False,True,0.029101690277457237,0.5784313725490197,0.5412844036697247,0.5592417061611374,0.9943184014223322,3.1506,306.29,5.078,50.0
2024_gpt4o_context_with_symptom_dataset,2,context,4o,False,True,0.047292206436395645,0.5862068965517241,0.6238532110091743,0.6044444444444446,0.9943570517527924,3.1604,305.338,5.063,50.0
2024_gpt4o_context_with_symptom_dataset,3,context,4o,False,True,0.04450894519686699,0.5981308411214953,0.5871559633027523,0.5925925925925924,0.9944343524137131,3.1293,308.38,5.113,50.0
2024_gpt4o_context_with_symptom_dataset,4,context,4o,False,True,0.04328776150941849,0.6078431372549019,0.5688073394495413,0.5876777251184834,0.9942024504309512,3.1297,308.333,5.112,50.0
2024_gpt4o_context_with_symptom_dataset,5,context,4o,False,True,0.042499713599681854,0.5961538461538461,0.5688073394495413,0.5821596244131455,0.9944730027441735,1.7429,553.676,9.18,50.0
2024_gpt4o_context_with_symptom_dataset,7,context,4o,False,True,0.05195673555135727,0.6018518518518519,0.5963302752293578,0.5990783410138248,0.9941638001004909,1.7796,542.267,8.991,50.0
