dataset,iteration,type,gpt_model,drugs_context,symptom_context,eval_loss,eval_precision,eval_recall,eval_f1,eval_accuracy,eval_runtime,eval_samples_per_second,eval_steps_per_second,epoch
2024_gpt4o_span_tweet_only_with_drug_dataset,0,span,No,True,False,0.04553483426570892,0.5094339622641509,0.4954128440366973,0.5023255813953489,0.9932531989143079,3.1032,310.974,5.156,50.0
2024_gpt4o_span_tweet_only_with_drug_dataset,1,span,No,True,False,0.04718000814318657,0.5887850467289719,0.5779816513761468,0.5833333333333334,0.9942613416052734,3.1233,308.972,5.123,50.0
2024_gpt4o_span_tweet_only_with_drug_dataset,2,span,No,True,False,0.04752368852496147,0.5333333333333333,0.5137614678899083,0.5233644859813085,0.9938348196975572,3.1626,305.127,5.059,50.0
2024_gpt4o_span_tweet_only_with_drug_dataset,3,span,No,True,False,0.04718228802084923,0.5357142857142857,0.5504587155963303,0.5429864253393665,0.9936409461031408,3.1434,306.993,5.09,50.0
2024_gpt4o_span_tweet_only_with_drug_dataset,4,span,No,True,False,0.052613552659749985,0.5089285714285714,0.5229357798165137,0.5158371040723982,0.9933307483520745,3.151,306.252,5.078,50.0
2024_gpt4o_span_tweet_only_with_drug_dataset,5,span,No,True,False,0.03535420447587967,0.5454545454545454,0.5504587155963303,0.547945205479452,0.9940674680108569,3.1619,305.195,5.06,50.0
2024_gpt4o_span_tweet_only_with_drug_dataset,6,span,No,True,False,0.03526728227734566,0.5686274509803921,0.5321100917431193,0.5497630331753555,0.9942225668863901,1.7661,546.412,9.06,50.0
2024_gpt4o_span_tweet_only_with_drug_dataset,7,span,No,True,False,0.050872478634119034,0.5729166666666666,0.5045871559633027,0.5365853658536586,0.9939123691353238,1.7705,545.028,9.037,50.0
2024_gpt4o_span_tweet_only_with_drug_dataset,8,span,No,True,False,0.04839198291301727,0.5135135135135135,0.5229357798165137,0.5181818181818182,0.9934858472276076,1.7517,550.898,9.134,50.0
