dataset,iteration,type,gpt_model,drugs_context,symptom_context,eval_loss,eval_precision,eval_recall,eval_f1,eval_accuracy,eval_runtime,eval_samples_per_second,eval_steps_per_second,epoch
2024_gpt4o_span_with_context,0,span/context,4o,False,False,0.049670156091451645,0.5918367346938775,0.5321100917431193,0.5603864734299517,0.9945837202104612,3.2692,295.177,4.894,50.0
2024_gpt4o_span_with_context,1,span/context,4o,False,False,0.05158692225813866,0.5233644859813084,0.5137614678899083,0.5185185185185185,0.9938486536675951,3.2683,295.257,4.895,50.0
2024_gpt4o_span_with_context,2,span/context,4o,False,False,0.0392373688519001,0.5486725663716814,0.5688073394495413,0.5585585585585585,0.9945837202104612,3.2705,295.063,4.892,50.0
2024_gpt4o_span_with_context,3,span/context,4o,False,False,0.04381516948342323,0.5126050420168067,0.5596330275229358,0.5350877192982455,0.9944289693593314,3.2113,300.497,4.982,50.0
2024_gpt4o_span_with_context,4,span/context,4o,False,False,0.05364765599370003,0.484375,0.5688073394495413,0.5232067510548523,0.9935778396781182,3.3025,292.202,4.845,50.0
2024_gpt4o_span_with_context,5,span/context,4o,False,False,0.04604479297995567,0.5346534653465347,0.4954128440366973,0.5142857142857143,0.9938486536675951,3.2633,295.713,4.903,50.0
2024_gpt4o_span_with_context,7,span/context,4o,False,False,0.052076466381549835,0.5816326530612245,0.5229357798165137,0.5507246376811594,0.9943129062209842,1.7732,544.209,9.023,50.0
2024_gpt4o_span_with_context,8,span/context,4o,False,False,0.05023367330431938,0.5384615384615384,0.5137614678899083,0.5258215962441315,0.9938873413803776,1.7772,542.984,9.003,50.0
2024_gpt4o_span_with_context,9,span/context,4o,False,False,0.048372697085142136,0.5321100917431193,0.5321100917431193,0.5321100917431193,0.9940034045187248,1.7708,544.948,9.035,50.0
