dataset,iteration,type,gpt_model,drugs_context,symptom_context,eval_loss,eval_precision,eval_recall,eval_f1,eval_accuracy,eval_runtime,eval_samples_per_second,eval_steps_per_second,epoch
2024_gpt4o_mini_span_with_context,0,span/context,4o-mini,False,False,0.1328984647989273,0.7307692307692307,0.5846153846153846,0.6495726495726495,0.9575129533678757,3.7792,255.343,4.234,30.0
2024_gpt4o_mini_span_with_context,1,span/context,4o-mini,False,False,0.13761495053768158,0.65625,0.6461538461538462,0.6511627906976746,0.9533678756476683,3.7715,255.866,4.242,30.0
2024_gpt4o_mini_span_with_context,0,span/context,4o-mini,False,False,0.13120996952056885,0.6949152542372882,0.6307692307692307,0.6612903225806452,0.9564766839378238,3.8192,252.669,4.189,30.0
2024_gpt4o_mini_span_with_context,1,span/context,4o-mini,False,False,0.13164514303207397,0.6612903225806451,0.6307692307692307,0.6456692913385826,0.9533678756476683,3.7715,255.87,4.242,30.0
2024_gpt4o_mini_span_with_context,2,span/context,4o-mini,False,False,0.14212119579315186,0.7,0.6461538461538462,0.6719999999999999,0.9575129533678757,3.8042,253.666,4.206,30.0
2024_gpt4o_mini_span_with_context,3,span/context,4o-mini,False,False,0.12143967300653458,0.7213114754098361,0.676923076923077,0.6984126984126984,0.960621761658031,3.7761,255.554,4.237,30.0
2024_gpt4o_mini_span_with_context,4,span/context,4o-mini,False,False,0.130354642868042,0.6666666666666666,0.676923076923077,0.6717557251908397,0.9554404145077721,3.8144,252.987,4.195,30.0
2024_gpt4o_mini_span_with_context,5,span/context,4o-mini,False,False,0.12854942679405212,0.6666666666666666,0.6461538461538462,0.65625,0.9544041450777202,3.7781,255.421,4.235,30.0
2024_gpt4o_mini_span_with_context,6,span/context,4o-mini,False,False,0.12766346335411072,0.6774193548387096,0.6461538461538462,0.6614173228346457,0.9554404145077721,3.7735,255.734,4.24,30.0
