dataset,iteration,type,gpt_model,drugs_context,symptom_context,eval_loss,eval_precision,eval_recall,eval_f1,eval_accuracy,eval_runtime,eval_samples_per_second,eval_steps_per_second,epoch
2024_gpt4o_context_with_symptom_dataset,2,context,4o,False,True,0.09980528801679611,0.746268656716418,0.7692307692307693,0.7575757575757576,0.966839378238342,3.5849,269.188,4.463,30.0
2024_gpt4o_context_with_symptom_dataset,3,context,4o,False,True,0.10434072464704514,0.734375,0.7230769230769231,0.7286821705426355,0.9637305699481865,3.5944,268.471,4.451,30.0
2024_gpt4o_context_with_symptom_dataset,4,context,4o,False,True,0.10766540467739105,0.7164179104477612,0.7384615384615385,0.7272727272727273,0.9626943005181348,3.5924,268.623,4.454,30.0
2024_gpt4o_context_with_symptom_dataset,5,context,4o,False,True,0.10716494172811508,0.7164179104477612,0.7384615384615385,0.7272727272727273,0.9626943005181348,3.6475,264.563,4.387,30.0
2024_gpt4o_context_with_symptom_dataset,6,context,4o,False,True,0.110618457198143,0.7076923076923077,0.7076923076923077,0.7076923076923077,0.960621761658031,3.5977,268.229,4.447,30.0
2024_gpt4o_context_with_symptom_dataset,7,context,4o,False,True,0.10731330513954163,0.7619047619047619,0.7384615384615385,0.75,0.966839378238342,3.6091,267.381,4.433,30.0
2024_gpt4o_context_with_symptom_dataset,0,context,4o,False,True,0.10741472989320755,0.7205882352941176,0.7538461538461538,0.7368421052631577,0.9637305699481865,3.5974,268.248,4.448,30.0
2024_gpt4o_context_with_symptom_dataset,1,context,4o,False,True,0.10615060478448868,0.7741935483870968,0.7384615384615385,0.7559055118110236,0.9678756476683937,3.5938,268.522,4.452,30.0
2024_gpt4o_context_with_symptom_dataset,2,context,4o,False,True,0.10970064252614975,0.71875,0.7076923076923077,0.7131782945736435,0.9616580310880829,3.6053,267.663,4.438,30.0
