dataset,iteration,type,gpt_model,drugs_context,symptom_context,eval_loss,eval_precision,eval_recall,eval_f1,eval_accuracy,eval_runtime,eval_samples_per_second,eval_steps_per_second,epoch
2024_gpt35_context,3,context,3.5,False,False,0.10117968916893005,0.75,0.6923076923076923,0.7199999999999999,0.9637305699481865,3.6098,267.331,4.432,30.0
2024_gpt35_context,4,context,3.5,False,False,0.09964556246995926,0.8333333333333334,0.6153846153846154,0.7079646017699115,0.9658031088082901,3.5883,268.931,4.459,30.0
2024_gpt35_context,5,context,3.5,False,False,0.10138648748397827,0.7540983606557377,0.7076923076923077,0.7301587301587301,0.9647668393782384,3.6325,265.66,4.405,30.0
2024_gpt35_context,6,context,3.5,False,False,0.1056128442287445,0.7213114754098361,0.676923076923077,0.6984126984126984,0.960621761658031,3.6134,267.06,4.428,30.0
2024_gpt35_context,7,context,3.5,False,False,0.11168768256902695,0.647887323943662,0.7076923076923077,0.676470588235294,0.9544041450777202,3.6212,266.483,4.418,30.0
2024_gpt35_context,0,context,3.5,False,False,0.10082365572452545,0.7818181818181819,0.6615384615384615,0.7166666666666666,0.9647668393782384,3.5858,269.12,4.462,30.0
2024_gpt35_context,1,context,3.5,False,False,0.09899226576089859,0.7258064516129032,0.6923076923076923,0.7086614173228347,0.9616580310880829,3.6174,266.768,4.423,30.0
2024_gpt35_context,2,context,3.5,False,False,0.1038539782166481,0.7777777777777778,0.6461538461538462,0.7058823529411764,0.9637305699481865,3.6008,267.999,4.444,30.0
