dataset,iteration,type,gpt_model,drugs_context,symptom_context,eval_loss,eval_precision,eval_recall,eval_f1,eval_accuracy,eval_runtime,eval_samples_per_second,eval_steps_per_second,epoch
2024_gpt4o_span_tweet_only_with_drug_with_symptom_dataset,0,span,No,True,True,0.12095613777637482,0.7391304347826086,0.5230769230769231,0.6126126126126126,0.9554404145077721,3.563,270.837,4.491,30.0
2024_gpt4o_span_tweet_only_with_drug_with_symptom_dataset,1,span,No,True,True,0.12341761589050293,0.7586206896551724,0.676923076923077,0.7154471544715447,0.9637305699481865,3.5887,268.9,4.458,30.0
2024_gpt4o_span_tweet_only_with_drug_with_symptom_dataset,2,span,No,True,True,0.11191337555646896,0.71875,0.7076923076923077,0.7131782945736435,0.9616580310880829,3.5938,268.514,4.452,30.0
2024_gpt4o_span_tweet_only_with_drug_with_symptom_dataset,3,span,No,True,True,0.10761827975511551,0.6896551724137931,0.6153846153846154,0.6504065040650407,0.9554404145077721,3.5678,270.473,4.485,30.0
2024_gpt4o_span_tweet_only_with_drug_with_symptom_dataset,4,span,No,True,True,0.11606946587562561,0.7142857142857143,0.6153846153846154,0.6611570247933884,0.9575129533678757,3.5744,269.976,4.476,30.0
2024_gpt4o_span_tweet_only_with_drug_with_symptom_dataset,0,span,No,True,True,0.1377045065164566,0.6666666666666666,0.676923076923077,0.6717557251908397,0.9554404145077721,3.5738,270.021,4.477,30.0
2024_gpt4o_span_tweet_only_with_drug_with_symptom_dataset,1,span,No,True,True,0.11744923889636993,0.7,0.6461538461538462,0.6719999999999999,0.9575129533678757,3.5721,270.152,4.479,30.0
2024_gpt4o_span_tweet_only_with_drug_with_symptom_dataset,2,span,No,True,True,0.11504118889570236,0.7346938775510204,0.5538461538461539,0.631578947368421,0.9564766839378238,3.6081,267.457,4.435,30.0
