dataset,iteration,type,gpt_model,drugs_context,symptom_context,eval_loss,eval_precision,eval_recall,eval_f1,eval_accuracy,eval_runtime,eval_samples_per_second,eval_steps_per_second,epoch
2024_gpt4o_span_with_drug_dataset,0,span,4o,True,False,0.09649087488651276,0.7833333333333333,0.7230769230769231,0.752,0.9678756476683937,3.5315,273.253,4.531,30.0
2024_gpt4o_span_with_drug_dataset,1,span,4o,True,False,0.10736746340990067,0.746031746031746,0.7230769230769231,0.7343749999999999,0.9647668393782384,3.528,273.529,4.535,30.0
2024_gpt4o_span_with_drug_dataset,2,span,4o,True,False,0.10545863211154938,0.7058823529411765,0.7384615384615385,0.7218045112781954,0.9616580310880829,3.5253,273.739,4.539,30.0
2024_gpt4o_span_with_drug_dataset,3,span,4o,True,False,0.11105383932590485,0.7894736842105263,0.6923076923076923,0.7377049180327868,0.966839378238342,3.5445,272.25,4.514,30.0
2024_gpt4o_span_with_drug_dataset,4,span,4o,True,False,0.10410556942224503,0.7384615384615385,0.7384615384615385,0.7384615384615385,0.9647668393782384,3.5238,273.856,4.541,30.0
2024_gpt4o_span_with_drug_dataset,5,span,4o,True,False,0.11287407577037811,0.676056338028169,0.7384615384615385,0.7058823529411765,0.9585492227979274,3.5507,271.776,4.506,30.0
2024_gpt4o_span_with_drug_dataset,0,span,4o,True,False,0.0998833030462265,0.7796610169491526,0.7076923076923077,0.7419354838709677,0.966839378238342,3.537,272.83,4.524,30.0
2024_gpt4o_span_with_drug_dataset,1,span,4o,True,False,0.10869376361370087,0.6911764705882353,0.7230769230769231,0.7067669172932332,0.9595854922279793,3.5516,271.711,4.505,30.0
2024_gpt4o_span_with_drug_dataset,2,span,4o,True,False,0.10463949292898178,0.7741935483870968,0.7384615384615385,0.7559055118110236,0.9678756476683937,3.5546,271.479,4.501,30.0
