dataset,iteration,type,gpt_model,drugs_context,symptom_context,eval_loss,eval_precision,eval_recall,eval_f1,eval_accuracy,eval_runtime,eval_samples_per_second,eval_steps_per_second,epoch
2024_gpt4o_mini_span,0,span,4o-mini,False,False,0.11593624949455261,0.6621621621621622,0.7538461538461538,0.7050359712230215,0.9575129533678757,3.7767,255.513,4.236,30.0
2024_gpt4o_mini_span,1,span,4o-mini,False,False,0.1105642020702362,0.6666666666666666,0.7692307692307693,0.7142857142857142,0.9585492227979274,3.7959,254.221,4.215,30.0
2024_gpt4o_mini_span,0,span,4o-mini,False,False,0.11737576872110367,0.6493506493506493,0.7692307692307693,0.7042253521126761,0.9564766839378238,3.774,255.697,4.24,30.0
2024_gpt4o_mini_span,1,span,4o-mini,False,False,0.12343832850456238,0.64,0.7384615384615385,0.6857142857142857,0.9544041450777202,3.764,256.374,4.251,30.0
2024_gpt4o_mini_span,2,span,4o-mini,False,False,0.11571294814348221,0.6756756756756757,0.7692307692307693,0.7194244604316546,0.9595854922279793,3.7646,256.335,4.25,30.0
2024_gpt4o_mini_span,3,span,4o-mini,False,False,0.13040615618228912,0.6052631578947368,0.7076923076923077,0.6524822695035462,0.9492227979274611,3.78,255.291,4.233,30.0
2024_gpt4o_mini_span,4,span,4o-mini,False,False,0.12574239075183868,0.618421052631579,0.7230769230769231,0.6666666666666667,0.9512953367875647,3.788,254.754,4.224,30.0
2024_gpt4o_mini_span,5,span,4o-mini,False,False,0.10789287835359573,0.6933333333333334,0.8,0.7428571428571429,0.9626943005181348,3.831,251.891,4.176,30.0
2024_gpt4o_mini_span,6,span,4o-mini,False,False,0.1175956279039383,0.6575342465753424,0.7384615384615385,0.6956521739130435,0.9564766839378238,3.7794,255.333,4.233,30.0
