dataset,iteration,type,gpt_model,drugs_context,symptom_context,eval_loss,eval_precision,eval_recall,eval_f1,eval_accuracy,eval_runtime,eval_samples_per_second,eval_steps_per_second,epoch
2024_gpt4o_context_with_drug_dataset,2,context,4o,True,False,0.1101299375295639,0.6911764705882353,0.7230769230769231,0.7067669172932332,0.9595854922279793,3.5882,268.935,4.459,30.0
2024_gpt4o_context_with_drug_dataset,3,context,4o,True,False,0.10090461373329163,0.7538461538461538,0.7538461538461538,0.7538461538461538,0.966839378238342,3.638,265.257,4.398,30.0
2024_gpt4o_context_with_drug_dataset,4,context,4o,True,False,0.1097462996840477,0.7076923076923077,0.7076923076923077,0.7076923076923077,0.960621761658031,3.5879,268.962,4.459,30.0
2024_gpt4o_context_with_drug_dataset,5,context,4o,True,False,0.10142339766025543,0.7246376811594203,0.7692307692307693,0.7462686567164178,0.9647668393782384,3.5878,268.964,4.46,30.0
2024_gpt4o_context_with_drug_dataset,6,context,4o,True,False,0.10589785128831863,0.746031746031746,0.7230769230769231,0.7343749999999999,0.9647668393782384,3.6362,265.389,4.4,30.0
2024_gpt4o_context_with_drug_dataset,7,context,4o,True,False,0.1159762367606163,0.703125,0.6923076923076923,0.6976744186046512,0.9595854922279793,3.5961,268.349,4.449,30.0
2024_gpt4o_context_with_drug_dataset,0,context,4o,True,False,0.10353128612041473,0.8,0.676923076923077,0.7333333333333334,0.966839378238342,3.6033,267.807,4.44,30.0
2024_gpt4o_context_with_drug_dataset,1,context,4o,True,False,0.08947443962097168,0.8,0.7384615384615385,0.768,0.9699481865284975,3.5929,268.586,4.453,30.0
2024_gpt4o_context_with_drug_dataset,2,context,4o,True,False,0.10469835996627808,0.71875,0.7076923076923077,0.7131782945736435,0.9616580310880829,3.5986,268.16,4.446,30.0
