dataset,iteration,type,gpt_model,drugs_context,symptom_context,eval_loss,eval_precision,eval_recall,eval_f1,eval_accuracy,eval_runtime,eval_samples_per_second,eval_steps_per_second,epoch
2024_gpt35_span,3,span,3.5,False,False,0.1084650531411171,0.6666666666666666,0.7076923076923077,0.6865671641791045,0.9564766839378238,3.584,269.252,4.464,30.0
2024_gpt35_span,4,span,3.5,False,False,0.10109349340200424,0.6901408450704225,0.7538461538461538,0.7205882352941175,0.960621761658031,3.6014,267.952,4.443,30.0
2024_gpt35_span,5,span,3.5,False,False,0.09896344691514969,0.6493506493506493,0.7692307692307693,0.7042253521126761,0.9564766839378238,3.6002,268.041,4.444,30.0
2024_gpt35_span,6,span,3.5,False,False,0.10727669298648834,0.6046511627906976,0.8,0.6887417218543046,0.9512953367875647,3.5892,268.86,4.458,30.0
2024_gpt35_span,7,span,3.5,False,False,0.09674862772226334,0.6351351351351351,0.7230769230769231,0.6762589928057553,0.9533678756476683,3.6116,267.196,4.43,30.0
2024_gpt35_span,0,span,3.5,False,False,0.10440552234649658,0.6046511627906976,0.8,0.6887417218543046,0.9512953367875647,3.5974,268.247,4.448,30.0
2024_gpt35_span,1,span,3.5,False,False,0.10420811921358109,0.6176470588235294,0.6461538461538462,0.6315789473684211,0.9492227979274611,3.6166,266.828,4.424,30.0
2024_gpt35_span,2,span,3.5,False,False,0.10438230633735657,0.6923076923076923,0.6923076923076923,0.6923076923076923,0.9585492227979274,3.6075,267.496,4.435,30.0
