dataset,iteration,type,gpt_model,drugs_context,symptom_context,eval_loss,eval_precision,eval_recall,eval_f1,eval_accuracy,eval_runtime,eval_samples_per_second,eval_steps_per_second,epoch
2024_gpt35_span_with_context,3,span/context,3.5,False,False,0.10904809832572937,0.6575342465753424,0.7384615384615385,0.6956521739130435,0.9564766839378238,3.5898,268.816,4.457,30.0
2024_gpt35_span_with_context,4,span/context,3.5,False,False,0.11460697650909424,0.7916666666666666,0.5846153846153846,0.672566371681416,0.9616580310880829,3.5937,268.525,4.452,30.0
2024_gpt35_span_with_context,5,span/context,3.5,False,False,0.0982498750090599,0.6923076923076923,0.6923076923076923,0.6923076923076923,0.9585492227979274,3.5868,269.043,4.461,30.0
2024_gpt35_span_with_context,6,span/context,3.5,False,False,0.09831856936216354,0.7076923076923077,0.7076923076923077,0.7076923076923077,0.960621761658031,3.5861,269.092,4.462,30.0
2024_gpt35_span_with_context,7,span/context,3.5,False,False,0.09526507556438446,0.7636363636363637,0.6461538461538462,0.7000000000000001,0.9626943005181348,3.5999,268.065,4.445,30.0
2024_gpt35_span_with_context,0,span/context,3.5,False,False,0.11059008538722992,0.6857142857142857,0.7384615384615385,0.7111111111111111,0.9595854922279793,3.5961,268.347,4.449,30.0
2024_gpt35_span_with_context,1,span/context,3.5,False,False,0.11160865426063538,0.6329113924050633,0.7692307692307693,0.6944444444444444,0.9544041450777202,3.6026,267.858,4.441,30.0
2024_gpt35_span_with_context,2,span/context,3.5,False,False,0.1065545603632927,0.6923076923076923,0.6923076923076923,0.6923076923076923,0.9585492227979274,3.6057,267.63,4.437,30.0
